actual_O3,Multiple Linear Regression,Ridge Regression,Polynomial Ridge degree=2,SGD ElasticNet Regression,HistGradientBoosting Regression
0.027,0.0301036707641087,0.0301120319218389,0.0340167291846,0.0309638254434973,0.0348655770345163
0.016,0.0405171777079874,0.0405057297830003,0.0301860469567502,0.0400543972778989,0.0339754727797567
0.074,0.0557301196453733,0.0557250992678378,0.0582651585434778,0.0572221355863788,0.0714037570556862
0.039,0.0234444335637347,0.0234509111400805,0.0174612880358572,0.0229762750670167,0.0112685960578617
0.015,0.0161493673248881,0.016150096571251,0.0142474780975677,0.0162545509929299,0.0098578117083513
0.014,0.0137557802425306,0.0137547703443912,0.0141168468323064,0.0133167856658223,0.0145865174314303
0.034,0.0396287383826434,0.0396263431942975,0.0307203183433977,0.0407563413943164,0.0368422737105913
0.007,0.00345181932716,0.0034518598268984,0.0053895353446068,0.0026976468288779,0.0079211988135925
0.015,0.0184207585804342,0.0184210558178164,0.0148607719877794,0.0185219210586569,0.0118072815106936
0.019,0.0123975398545256,0.0123894018613595,0.0218328527805704,0.0102556774180929,0.0167703497044015
0.007,-0.0036572300501538,-0.0036536232044213,0.0050562644258219,-0.002237711402337,0.0071615179088325
0.0136,0.0145782375695874,0.0145806712299197,0.0154866135540138,0.0138584291543119,0.0176193081149424
0.004,0.0065805371045408,0.0065942875328897,0.0007779155337766,0.0097814337763892,0.0100674130867354
0.0212,0.0197044843779935,0.0197070501065826,0.0211020703387422,0.0211941422196006,0.0189843362334277
0.087,0.085415533655494,0.0854015093523876,0.0836122124823968,0.0843352581291505,0.073278599414669
0.0248,0.018134213000086,0.0181308018876607,0.0200532896199757,0.0178456449858557,0.0232645003606476
0.039,0.0570411739078019,0.0570344027044099,0.0611878281472177,0.0560103908694348,0.0524854986505277
0.035,0.0226846179293476,0.0226895714286511,0.0258742585290378,0.0239158920620487,0.0211228540448862
0.006,0.0093177572936196,0.0093140903913916,0.0123677485932306,0.0079372580725736,0.0090899091533921
0.035,0.024573487394266,0.0245795638155672,0.0308710732594527,0.026630797200991,0.0265347059318067
0.0087,0.0021872245932953,0.0021904671355105,0.0037228945483956,0.0015605683992919,0.0114638610509246
0.0197,0.0270975472905008,0.0271044286941122,0.0260023786719325,0.0278675779448353,0.0254765328279955
0.01,0.0194635433062979,0.0194628657808304,0.0206551227408546,0.0174881908733516,0.0162085850258121
0.047,0.0453299400316694,0.0453197471766706,0.0394897003838098,0.042536883493116,0.0422299844208317
0.0193,0.0166616087613927,0.0166620326972852,0.0149565811272801,0.0149337038743904,0.0175280026628404
0.0128,0.032359159267903,0.0323638549362273,0.0190247356774691,0.0330352786077464,0.0205201505669096
0.024,0.025117784356746,0.0251293766834007,0.0241276313567555,0.0266900478493608,0.0184986572957663
0.0645,0.0349176075962423,0.034920166069381,0.0402835612376285,0.0352835708396097,0.0422872543315299
0.023,0.0359981242723512,0.0360027572186107,0.0383602783923639,0.0352748754670124,0.033642267820535
0.034,0.0250797185087506,0.0250735162728123,0.0349183592723875,0.0254721793609004,0.0381996055586269
0.006,0.013022305499524,0.0130233668754473,0.0171146074047456,0.014798327515791,0.0127478194462407
0.0536,0.0419764202910176,0.0419775556407314,0.0389658132014969,0.043244317480144,0.0399384607194044
0.044,0.0325235219370757,0.0325216051384194,0.0281499118285588,0.0340653918355995,0.0306115153351014
0.0614,0.0605097504467139,0.0605096653418211,0.0524428817986771,0.0628192137636666,0.0567666957166636
0.006,0.0285411565102178,0.0285378746142629,0.023856202823517,0.0272277805246923,0.0171370138824859
0.014,0.023572495727774,0.0235713088668138,0.016940004863453,0.0229167515723117,0.0150613880876523
0.0213,0.0142933695949815,0.0142949014825779,0.0093705378011023,0.0122834571142395,0.0166483253899111
0.064,0.0203561773534181,0.0203494340324338,0.0405788262388565,0.0213661369553892,0.0384813255491917
0.053,0.0512304455424168,0.0512225970757275,0.0517055448608865,0.0496613968382394,0.0511078249476332
0.019,0.0157497308188046,0.0157541302470254,0.0075397737795015,0.015206822714001,0.0091728042520227
0.0053,0.0082059776556717,0.0082104858511684,0.0115320780840066,0.0083609872994241,0.0111681695252882
0.059,0.0521469580263887,0.0521556489277966,0.0623142980979811,0.0541655405245566,0.0532313453298665
0.015,0.0238747955673974,0.0238729816301897,0.0195843538379052,0.0253968198482015,0.0191667709809225
0.01,0.0337345051604936,0.0337337298357855,0.0251677006176802,0.0334308927189492,0.0287111751040923
0.09,0.0628616862918298,0.0628579580489176,0.0600278464610765,0.0647247856007638,0.0537570439730515
0.069,0.0450670360774112,0.0450726340470976,0.0481875037282188,0.0467402302635016,0.0576279816170562
0.029,0.0317883108657167,0.0317831680579597,0.020779128571839,0.0325572841555067,0.0229408674821249
0.01,0.0194888176752298,0.0194946056213979,0.0325304566176256,0.0201658362812995,0.0210675136264608
0.0379,0.0364395138874225,0.0364455066112969,0.0253265028497283,0.0365129586687748,0.031461751621602
0.009,0.0116505050071751,0.0116499579625004,0.0154902233333682,0.0113837250363345,0.0177240799104312
0.028,0.0582788395918126,0.0582748247099864,0.0458639184545476,0.0594316691027284,0.0394439825761754
0.0631,0.0390821853405454,0.0390990653310585,0.0411330017327445,0.0419384828136837,0.0446156611186572
0.049,0.0295718385473958,0.0295696987939825,0.045466017943261,0.0296009685107666,0.0456990772969946
0.026,0.0218306944407389,0.0218303937733296,0.0285174857342628,0.0217649142192147,0.0266871224058876
0.0169,0.0144291424411875,0.0144246418348028,0.0135012604174402,0.0125808424802185,0.0115977146301297
0.069,0.0531430911988893,0.0531426388089305,0.0656135156418968,0.0537885301494862,0.0535149894238602
0.012,0.0261520903732529,0.0261501870309639,0.0236240992099808,0.0260139232041186,0.016260323230579
0.015,0.0073768000070697,0.0073770809409708,0.0118179486044713,0.0061213766677851,0.0108231518798632
0.0184,0.0142085444933925,0.0142056419677101,0.0088823607892401,0.011128969938475,0.0155717411426455
0.005,0.0153751413872367,0.015371464615972,0.0116757401552337,0.0133489313102093,0.0060329033738831
0.006,0.0181978693517707,0.0181976722984729,0.0180522174739934,0.0182977222567421,0.0156088678721924
0.0112,0.0149634210951489,0.014975596714068,0.0188937599719197,0.0159336913925384,0.0217078922081772
0.027,0.0109292938744562,0.0109280651322494,0.0101646960828753,0.0121929853551602,0.0083422913543879
0.077,0.0611004366505938,0.0610991273306086,0.05294931718583,0.0622590404245747,0.0586672406338911
0.01,0.0238945846101766,0.0239000063997145,0.0209541543109687,0.0250387498481544,0.014191056745812
0.003,0.0111847714916779,0.0111882867381525,0.0102426700567151,0.0110969435334189,0.0085266274620168
0.03,0.0071203911400837,0.0071203439605809,0.0100747564034217,0.0041779385840614,0.0126950852592141
0.02,0.0133324500522349,0.0133316688483383,0.0167841082582233,0.0115343576919101,0.0208892046660595
0.0498,0.0346682798968971,0.0346612688870645,0.0267200044472387,0.0349592937331609,0.0334154288016246
0.096,0.0684779735483974,0.0684570160257004,0.056843197688277,0.0672363817487883,0.061083492306171
0.003,0.0212797996496318,0.0212766065074477,0.0189656622116279,0.0225437635203173,0.0153640811966381
0.009,0.0202669681225025,0.0202699674531874,0.0192975396100552,0.0212517316537508,0.0127427892563633
0.038,0.0369485648870606,0.0369607966013815,0.03444655044055,0.039927623495833,0.0334368113491354
0.044,0.0435083284418637,0.0435031886116083,0.0462141789406349,0.0438236873849562,0.0597037705429547
0.081,0.0380832217171719,0.0380802011032743,0.0423003414606759,0.0384586889945661,0.0488635400753403
0.036,0.0253837082460142,0.0253824757238618,0.025100258931581,0.0243573283989696,0.0240778761884199
0.034,0.0340416564117334,0.0340348197245045,0.0419077893392657,0.0350574812348033,0.0463596206897945
0.009,0.0207161932438691,0.020718392571603,0.0124251117001992,0.0219653439057527,0.0105515384274145
0.115,0.0712017147715518,0.0711762837187528,0.0829478043491382,0.0663298650651676,0.0893927213701984
0.064,0.0649357901992981,0.0649089692288858,0.050881725315221,0.06129475875344,0.0521758614353742
0.043,0.0409728153382971,0.0409829905724104,0.0460179335111457,0.0421634644220944,0.0487562962420932
0.039,0.0331263828122839,0.033126786815537,0.0295049771963301,0.0351646704252854,0.0376507770391467
0.0341,0.0224682601996788,0.0224576471285232,0.0254603431022328,0.0227135765678438,0.0365572468537304
0.073,0.0631527943733231,0.0631510827847705,0.0700822066992905,0.0625085599609894,0.0743762559311771
0.031,0.0452146927800488,0.0452136821034396,0.0333534735376024,0.0441339532774946,0.0217830964799851
0.02,0.0434750120214902,0.0434792689684816,0.045442920214257,0.0427748819274928,0.0307485969754263
0.006,0.0263605035251748,0.0263540432789687,0.0176984941564673,0.0248059012432774,0.0155368274217962
0.083,0.0772347549067069,0.0772094772323303,0.0888905257209756,0.0761708768932184,0.0857134275984247
0.069,0.0373728979180017,0.0373693683152845,0.0441458623859367,0.0386771577063688,0.0540184847326261
0.024,0.0230775497304639,0.023079611509735,0.0278241580707507,0.024528458456037,0.0264675433757318
0.022,0.0449938396593076,0.0450007280890239,0.03493689409616,0.0446909112324481,0.0335171270913473
0.06,0.0387511845194669,0.0387646819826748,0.0475875333140823,0.0399011067726604,0.0396878904700102
0.013,0.0296605324075905,0.0296597829412267,0.0157196717613893,0.0301966450582205,0.0216769069017577
0.049,0.0471320198130074,0.0471375783628875,0.0456043641148508,0.0504624232996926,0.0479134469804262
0.005,0.0059701805302177,0.0059534232993225,0.0083323825368608,0.0019538765592091,0.0118268904333673
0.038,0.0256390824569018,0.0256479582267538,0.0320127620704136,0.0272920666233763,0.0405868974533718
0.065,0.0741341858276468,0.0740992462754293,0.0664277627182815,0.0724504268318022,0.0775703712058625
0.009,0.0237096376757109,0.02370861686843,0.0249581656918853,0.0242737418363022,0.0184669867892589
0.021,0.0151537130968674,0.0151539511581021,0.0127534517752572,0.0137345854370487,0.0185063444003184
0.002,0.0231816738163013,0.0231866591445372,0.0088848409011721,0.0229628872379667,0.0096211106204776
0.036,0.0227307796750243,0.0227332859297888,0.0217722033060657,0.022880572325754,0.0173859344371246
0.015,0.0217587107305242,0.0217517944314233,0.0316636604971291,0.0206494366559053,0.0214518714102046
0.0192,0.0507019029670632,0.0507037298922218,0.0636045078421918,0.0499122589899213,0.0587769574845154
0.0275,0.0110931715848225,0.0110950044643765,0.0126948470015345,0.0110882626219986,0.0168802236577653
0.0376,0.0284919776149647,0.0284841770137756,0.0245773055536934,0.0282754739643339,0.030762233362852
0.03,0.0207972610438837,0.020791449184743,0.0265175056355391,0.0207039896370144,0.0305486252816238
0.021,0.0264916962509039,0.026496760361002,0.0284924869160158,0.0256678198118589,0.0260694583828086
0.032,0.0246935540143649,0.0246958401507696,0.0270183636808864,0.0225659061551714,0.0217198990787558
0.031,0.0196168605663734,0.019617235807636,0.024828694369744,0.0196164752462408,0.0181993473917799
0.012,0.014047754209352,0.0140514563266989,0.0108971508260744,0.0153420407083814,0.0144059100950549
0.017,0.031873751045752,0.031883266806531,0.030090177496061,0.0326814406852156,0.0297300778802309
0.035,0.0458482944765102,0.0458423329597925,0.0389729077046937,0.0441549844372905,0.0427912498738532
0.013,0.0164294543791709,0.0164208758355188,0.017862298184433,0.0157761463929221,0.0193084568149164
0.031,0.0304714530860201,0.0304738590933235,0.0264476887885635,0.0302983153655693,0.0243617937494919
0.034,0.0372224665635867,0.0372194458246023,0.0247390716676408,0.0365906066395852,0.0301490994099339
0.02,0.0425986298006045,0.0425806750078874,0.0563930182503409,0.041771762103531,0.0534039790802358
0.013,-0.0005298897112094,-0.0005242367209839,0.0060960162725846,-0.0015987148548783,0.0137937851372761
0.007,-0.0107890731209773,-0.0107834638235781,0.0014718317315984,-0.0107375683939619,0.0111690510452113
0.045,0.0467806888141786,0.0467797873073828,0.0418128756517915,0.0473729084248289,0.0438337352866067
0.011,0.013777811010384,0.0137834356891955,0.0119725690590078,0.0140866672058315,0.0110430429856162
0.0365,0.0305890767408463,0.0305866329419904,0.0301678575325007,0.0302019149520048,0.0333048860476472
0.006,0.004892482684804,0.0048870775606298,0.0093401622550258,0.0033771507333055,0.007812556222354
0.019,0.009701074241939,0.0096947024282602,0.0126361310438607,0.0083714705432541,0.0104662655438492
0.002,-0.001142455234805,-0.0011432290927734,0.000606788406619,-0.0037299745210763,0.0053011780711026
0.037,0.0283181333477644,0.0283096078306873,0.0353759538892886,0.0279988860282634,0.0285096795604184
0.0362,0.0269464906771264,0.0269448646884547,0.028944568189258,0.0271338167905568,0.0346696490859488
0.019,0.0271023893365725,0.0270909975610334,0.0107189966608504,0.0243442606853445,0.0192073612139962
0.0403,0.0321709494186079,0.03216650455846,0.0306740218840629,0.03255075130241,0.0411663371701451
0.02,0.0196938808541997,0.0196882239290742,0.0283499430110546,0.0181009047568163,0.0239599646207218
0.009,0.0164090075076027,0.0164041388857154,0.0143094326159841,0.01635330896231,0.0106831526627362
0.016,0.023443975263876,0.0234427807302023,0.0180055320881936,0.0237604423884324,0.0252149692039848
0.027,0.040210900522132,0.0402101959456984,0.0382275096250747,0.0409826540054114,0.0335356277115569
0.022,0.0265780961899079,0.0265815608006772,0.0224682150766847,0.0260634828114297,0.0220818062297337
0.01,0.0024945327682639,0.0024977780755671,0.0038859838558194,0.0031344135975231,0.0071139283038273
0.014,0.0183347104502124,0.0183364074207546,0.0161943075335483,0.0199128284742366,0.0137555711179842
0.0113,0.0080464181668628,0.0080403193152523,0.0136727005631187,0.0054977014329415,0.0119871094769403
0.038,0.0378620942114357,0.0378643818243825,0.0366108529250287,0.0389605976041832,0.0314647297726268
0.02,0.033879146193048,0.0338840395088667,0.0392214878842796,0.0341069997289626,0.0359380229758137
0.009,0.0094746920547892,0.0094746853921154,0.0166840490579279,0.0085769171486439,0.0198435535393852
0.0467,0.0378325129881564,0.0378294641239243,0.029876083562224,0.0387939774696266,0.037883592769684
0.0467,0.0492258233314141,0.0492183560598303,0.0430332393964752,0.0498434573540358,0.0497537870988135
0.03,0.0351131992482159,0.0351067593845897,0.0377383355122941,0.0357549746912137,0.0447818595636894
0.025,0.0399012000056575,0.0399047104738552,0.036808012986313,0.0389850402274644,0.0335480870875966
0.011,0.0221753947882459,0.0221759277240113,0.0261467175740952,0.0211584095111513,0.0207796722177577
0.0322,0.0289897867525483,0.0289906321654704,0.0253536351773876,0.0305002196628256,0.0244828629714165
0.008,-0.0001938232446095,-0.0001960833383325,0.0087035593222541,-0.0014188670888567,0.0085241241813412
0.027,0.0246712952198642,0.02467214142039,0.0438792634009833,0.0252420350775337,0.0356203553302622
0.0295,0.0408990125546953,0.0409079775254939,0.0536513479818884,0.0415606282127067,0.0508311772768339
0.036,0.033313842791161,0.0333112050162113,0.0292709112762081,0.0346167884402878,0.0191349795858806
0.002,0.0155959049385565,0.0155975194230292,0.012961691498866,0.0161661675573247,0.0081098572951416
0.0329,0.0121611563663895,0.0121550873590837,0.0132075998035895,0.0112573821555448,0.0206733473790267
0.0251,0.0212330947443402,0.0212371422788553,0.0201762255749915,0.0197490723215961,0.016722904683294
0.042,0.0458361032676086,0.0458313051391961,0.038742658050207,0.0444097280175,0.0353339704587478
0.05,0.0483295353066448,0.048326981893988,0.0540000063108118,0.0467286282599602,0.0539726133212421
0.0289,0.0331122110205501,0.0331134989571843,0.0375871148920969,0.03462355899183,0.0298909207938693
0.063,0.0483871658734288,0.0483883065360195,0.0464057106418786,0.0504306112392702,0.0512587730946745
0.0326,0.0302526097990929,0.0302552898482303,0.0216403898475285,0.0293369583938264,0.0258377751138434
0.0357,0.0249746676259169,0.0249755840694611,0.021934768329156,0.0247334487135973,0.0267646052381889
0.038,0.0603008400042318,0.0602963636720754,0.0478776805666402,0.0605031210529147,0.0453477823363843
0.017,0.0237077358390667,0.0237079400412917,0.0224077778812789,0.0237320873751885,0.0181377262578625
0.0176,0.0097593686097699,0.0097624093663439,0.0157036733249894,0.0104460340555617,0.0153595004653688
0.017,0.0139279241532559,0.013922937553767,0.0227210331567339,0.0123434928760478,0.0188901423317644
0.015,0.0198946105931942,0.0198972185034414,0.0200370807054915,0.0207651617174597,0.0175602401031608
0.014,0.0193837868211655,0.0193842161506973,0.0184451859331099,0.0185646966011181,0.014822982778807
0.053,0.032686562972026,0.0326910221206633,0.0343362149723307,0.0323127721094794,0.0342037938357585
0.064,0.0765865818320841,0.0765703530521035,0.0772864540382972,0.0755103962603662,0.0753582801266215
0.0577,0.0427296107822213,0.0427313883003082,0.0364360052241436,0.0423297674438999,0.0420361828463476
0.03,0.0248451537025152,0.0248447080591906,0.0265242572800654,0.0228591806647008,0.0257081360322205
0.037,0.0228296734863176,0.0228189050444734,0.0289751366949886,0.0211734743813571,0.0268913279726728
0.013,0.0132372570865477,0.0132380605580746,0.0148714617108751,0.0136654842196978,0.0100240086423338
0.071,0.057010704733207,0.0570080627373537,0.0593360340069638,0.0580417258392638,0.0624514310381282
0.019,0.0223107687670132,0.0223123915865043,0.0135321059347621,0.0211088683409517,0.0204505485660582
0.014,0.0219176415969633,0.0219155881740677,0.0181084362671588,0.02198874061612,0.0181796979158632
0.019,0.0255306460486448,0.0255309913710846,0.0194733264292712,0.0244559934077051,0.0193555799799124
0.015,0.0174558001846648,0.0174547993506447,0.0173211361656918,0.0158521388741279,0.0155343471916146
0.0917,0.0570712285870877,0.0570699964691118,0.0680738382734746,0.0587005599053421,0.0725988281682599
0.028,0.0290943077233538,0.029094653396823,0.0303686434658657,0.0287248339214695,0.0258743705240656
0.047,0.0674513085575516,0.0674494262139727,0.0624841455951708,0.0674905877593308,0.0622905774915496
0.022,0.0160850262226787,0.0160868409791421,0.0170226705595268,0.0157076435841471,0.0168963516618516
0.056,0.0597865451382323,0.0597839600261875,0.0475068765752404,0.0605836169222492,0.0377401326540146
0.015,0.043726152171835,0.0437234639590418,0.0234046387543515,0.0439183477383572,0.0276818717150461
0.05,0.0454179877446083,0.0454199351143429,0.0406854026240565,0.0477584387164039,0.0470725797808645
0.0428,0.0576226905812518,0.0576234695341079,0.0560397202995469,0.0590989931974699,0.0542623692212822
0.028,0.0222099087506293,0.0222106014442468,0.0215435649393324,0.0222425827872109,0.015850506049889
0.031,0.052685823706029,0.0526833579413951,0.0425980574288503,0.053419964101193,0.0449515219094905
0.0469,0.0183299562331276,0.0183386698129974,0.0318655862800134,0.0215609706796343,0.0329733495960204
0.056,0.0274317120973861,0.0274299678418425,0.0260260715851257,0.0269905781030678,0.0296781819565306
0.0241,0.0239896987395212,0.0239958249335313,0.0152945994957979,0.0238055283425893,0.0285251959172058
0.024,0.0200986451292427,0.0200993405391416,0.02539906408175,0.0170381243649621,0.0215134103433607
0.023,0.0319833750336232,0.0319789228203302,0.0274841295578601,0.0286613516977,0.0314911209891113
0.018,0.0216504971442323,0.0216433869628783,0.0152649607874077,0.0208112470069834,0.0217798668841006
0.019,0.0099316853958794,0.0099384438360053,0.0187802477275791,0.0089049676437793,0.0132450476681074
0.039,0.0438559465489419,0.0438507100612782,0.0368062673861379,0.043774556457759,0.0384808409468211
0.049,0.033228347381996,0.0332277855390339,0.0400553226026793,0.0323806965316726,0.0533931811099948
0.002,0.0205761425903025,0.020575862022702,0.0192948155199479,0.0199647432067688,0.0104429603856649
0.029,0.0226516858235253,0.0226614674000076,0.023220928414169,0.0244097602301262,0.0257359523700878
0.0116,0.0228844122423179,0.0228869283661565,0.0234545737937551,0.022765195173412,0.0270409535331628
0.013,0.0143380519967323,0.0143438136262698,0.0072215782280239,0.0148328884957997,0.0115177404033179
0.009,0.0256881905877159,0.0256919827011393,0.0175072322686535,0.0273011697159267,0.0179304835584689
0.007,0.0157574891073391,0.0157543755677848,0.0170193935567661,0.0159929647007458,0.0135174728192447
0.021,0.017551070531755,0.0175554721400534,0.0094339829440789,0.0159579416387668,0.0085480620604886
0.003,0.0141094728539481,0.0141061164055365,0.0140663523920083,0.0130856391760874,0.0118474755946637
0.022,0.0306501819261735,0.0306511156695206,0.0276722395442181,0.0284154194035089,0.0254892051616133
0.035,0.0470457154426704,0.0470414636118715,0.0425440714569216,0.0465428487333865,0.0402355454586512
0.023,0.0289192564855808,0.0289207129814421,0.027532907833846,0.0304959975130925,0.0336286122065686
0.0225,0.0463481986822924,0.0463451378627588,0.0468936251713517,0.0455779276991648,0.0522041354346867
0.0359,0.0142540659010381,0.0142494665026042,0.0232715529084227,0.0135856134825825,0.0256879597063993
0.004,-0.0001024421627219,-0.0001095555504526,0.0021480747021336,-0.0015176342096852,0.0066341166370468
0.0036,0.01728206418313,0.0172847236313413,0.0096159919375494,0.0173651110249705,0.0093960092174041
0.068,0.0590845463871131,0.0590908757296784,0.0613247603201979,0.0611568531207753,0.0633569543366519
0.006,-0.0046560826943614,-0.0046562871433461,-0.0021714717851931,-0.0062610331798967,0.0052251999728741
0.015,0.0081138988166428,0.008099016212208,0.0181499194198386,0.0039023930478924,0.0141714788706035
0.005,0.0232880187245065,0.023279224038179,0.0143348083610136,0.0226203602679429,0.0144724079651078
0.021,0.019609497555677,0.0196137064385405,0.0180314622325043,0.0199530724485429,0.0230458874347259
0.047,0.037998048419361,0.0379966859486805,0.040003924153081,0.0367344268149344,0.0395390028435337
0.004,0.0126697750881913,0.0126660517768225,-0.0014572017163024,0.0129650429033251,0.0066048816430551
0.012,0.0104865722214594,0.0104887803025901,0.0240456815970042,0.0109751122097279,0.016240108739265
0.042,0.0225744448008758,0.0225687016710681,0.020865916364515,0.0243119044906276,0.0296824616815517
0.016,0.0218712624339242,0.0218714724728885,0.0056394482521324,0.0246638953223497,0.0088661327384963
0.08,0.0743467565080436,0.0743375404224476,0.0808804874304887,0.0744856936388683,0.084897223598103
0.006,0.0152772878742017,0.0152796191789336,0.0133457598133195,0.0154902686653447,0.0208348054313607
0.027,0.0311016413150049,0.0311059643101517,0.0298410800418072,0.0303057543029528,0.024501727083294
0.022,0.0360315966627146,0.0360278140614044,0.0298818991979106,0.0335991166853958,0.0281762763695306
0.01,0.0124165083760225,0.0124170698659757,0.008145774137787,0.011848857163431,0.0093693182811999
0.056,0.0528020512722677,0.0528024596500305,0.0641910779730717,0.0525151960546083,0.0612004518441082
0.051,0.0418771725335816,0.0418663014083615,0.0315114046411297,0.0412200757170679,0.0335935063858419
0.022,0.0287385303718243,0.0287404479426563,0.0295291515057598,0.0273152317039032,0.029432850895148
0.037,0.0347059612717527,0.0347050716446637,0.0314697720355989,0.0361223863976713,0.0294973715158357
0.031,0.0395139373711213,0.0395030620066678,0.028808622494643,0.0376002421698242,0.0403712633042255
0.02,0.0219117040156588,0.0219135929296668,0.0208147113055747,0.0223024593457629,0.0177772933954875
0.056,0.056031361633082,0.0560297419156414,0.0578992890815733,0.0558061094008176,0.06707718797408
0.027,0.0179705474114738,0.0179693511419755,0.0221201028132477,0.0181610146738347,0.0272566239496928
0.071,0.0409205642664044,0.0409220572922414,0.0515976514789019,0.0383579271885123,0.0499592797777869
0.022,0.0278600871171339,0.0278606672629596,0.0169707137044172,0.0273889933641666,0.022514289964628
0.018,0.0476724238407235,0.0476641627141532,0.0500204294782211,0.0458455606021924,0.0479541984441385
0.031,0.0403178159520508,0.0403267325988097,0.0332087287289195,0.0424253084695534,0.0337040575034668
0.016,0.0275556772269597,0.0275597940690119,0.0244362076074804,0.0266199660986353,0.0245895510886077
0.047,0.036566769673035,0.0365569690801635,0.0369754463507836,0.0354755485991217,0.03326561743231
0.006,0.0048289075846628,0.0048285644189942,0.0045211195507533,0.0050880112110748,0.0113292265961256
0.016,0.0327877059070045,0.032783425296428,0.026225425036755,0.0336650765424289,0.0252293068129685
0.013,0.0225270876045677,0.0225251439892204,0.0231673355890502,0.0207097894711242,0.0224632586038719
0.008,0.0129566574891677,0.0129566075767911,0.0061967598966607,0.0153429875485617,0.0133827146944212
0.011,0.0165526153067536,0.0165518209176133,0.0136202090887061,0.0176777675224982,0.0157111073545163
0.05,0.0469490266238577,0.0469494174577231,0.0374991907314866,0.0470983091144297,0.0391674733122929
0.001,0.0104794320184847,0.0104743135421464,0.0132803848255577,0.0089126663109243,0.0148787084223301
0.007,0.0145818284311491,0.0145810890048633,0.0274810045107479,0.0135162444054246,0.0196184168717711
0.013,0.0208658774283488,0.0208702218656247,0.0152902148071861,0.0206234973642096,0.0175553329924176
0.045,0.0586202926865751,0.0586184486793828,0.0551288004389406,0.0592890731597249,0.0626581266965931
0.009,0.0275127024793007,0.0275180179405168,0.0196746866305196,0.0279303837597607,0.0104360225055029
0.002,0.0277500156394566,0.0277445158363576,0.0182328430553219,0.0282031520930392,0.0122716959472663
0.0699,0.0580077568244316,0.0580026017207298,0.0584080950211896,0.0592660774974061,0.064795312674875
0.0137,0.0244388191458269,0.0244413385832927,0.0235051683711609,0.0238474254531067,0.02841022840045
0.001,0.0143594709458143,0.0143576281078522,0.0165018955250036,0.0132677685817675,0.0108857558086626
0.062,0.0550931782322336,0.0550914823543051,0.0563002310046934,0.0551922721055681,0.0480315012643107
0.0313,0.0255007969841046,0.0255032494651805,0.0252150411286957,0.0267302583098745,0.0214847259960732
0.008,0.0293768311643622,0.0293765334701711,0.0129328758805151,0.0295813153039075,0.0142367631325569
0.0485,0.0466634902995417,0.0466657543396553,0.0490413940180521,0.04743495623576,0.0418854287786148
0.03,0.0249219927084601,0.0249204387235709,0.0269049614336272,0.0253926874234849,0.0247596127504895
0.037,0.0394835725843211,0.0394846130173785,0.0438489638839798,0.0417614668301591,0.0456664734574034
0.042,0.048130812872468,0.0481245540144853,0.0337828463951785,0.0483065500519668,0.0336155308035433
0.011,0.0077943154231175,0.0077901420649277,0.0103209413964602,0.0077032389553672,0.0140216220166785
0.0348,0.0523678129156578,0.0523675108844364,0.0454483950569235,0.0530602815930119,0.0455416951367039
0.034,0.025080197247778,0.0250848189262465,0.0221835166279528,0.0257088669082255,0.0330800688353276
0.034,0.0246653878106033,0.0246687241271565,0.0285242236923625,0.0239629238896234,0.0256129950202096
0.03,0.0281478992737516,0.0281448025078685,0.0239639449698399,0.0258832813047075,0.0279597054644331
0.087,0.0643511650934737,0.0643243057077729,0.0792211828491676,0.0620909029700042,0.0760547867438276
0.014,0.0209120767754622,0.0209132146337408,0.020251838348234,0.0224227486556722,0.0129785538575243
0.006,0.0149790867193779,0.0149780275698223,0.0066082705005878,0.0134581627387218,0.0084125026826999
0.062,0.0588931454530757,0.0588887161948061,0.0499110351616756,0.0588651285061241,0.0542847229766608
0.047,0.0311407740405819,0.03114491776384,0.0345420568133876,0.0313984064260825,0.0306751443407513
0.014,0.033814234820643,0.0338191481505361,0.0155170316003295,0.0361272091388999,0.0176425980914386
0.021,0.0431263453038149,0.0431184917083983,0.0384823266240384,0.03994767328219,0.0389958813770129
0.0049,-5.572334300956924e-05,-6.138982926640404e-05,0.000801966528998,0.0007355054700775,0.0116496944853479
0.002,0.0012548405057815,0.0012562888061683,0.0038370924232308,0.0019431183286978,0.0075258709830258
0.004,0.0202605822778613,0.0202672132107938,0.0148679948227302,0.0231372466546515,0.014161197026845
0.037,0.0353854896154162,0.0353838346671824,0.0285827719877014,0.0369148967084122,0.0309773814440459
0.012,0.0216049169554064,0.0216094268380591,0.021537367893969,0.0231064523973422,0.0226830251024247
0.045,0.0490024471752801,0.0490028883112387,0.0492960037618097,0.0502522966634801,0.0540547171098536
0.023,0.0221055674272309,0.022098837946767,0.0261979072374204,0.0207698194228077,0.0265379746664244
0.005,0.0156161017696594,0.0156121737148738,0.0134996402277268,0.0152499305016234,0.0095857191565151
0.039,0.0468309538795754,0.0468302685648847,0.0487376355165814,0.0477020628590516,0.0433123189627199
0.038,0.0488515099014455,0.0488579521701587,0.0475843216200621,0.0485059302454823,0.0496565469545268
0.0367,0.0276748410435057,0.0276719688616567,0.0193722069115758,0.0258668164017118,0.0295917629650698
0.081,0.0624934516862223,0.0624911736236783,0.0655625937484957,0.0645051934436801,0.0619010778121381
0.007,0.0040627132444678,0.0040637354053233,0.016401731815464,0.0033471360783277,0.0080131299100208
0.0179,0.0135284874512328,0.0135352610370432,0.0124396155900057,0.0132943257725421,0.0239483855773541
0.027,0.040408437199851,0.040415253605871,0.0335526164451424,0.0394691897979072,0.0358535630232544
0.008,0.0213017967707813,0.0213054321021566,0.0161823346002796,0.0220440756035661,0.0163238803723305
0.043,0.0386368103413186,0.0386374724492773,0.0325438971212375,0.0407443805284012,0.0353092615805086
0.028,0.0100179473298001,0.0100502474373979,0.0249243734275081,0.0147705316552917,0.0262161012381045
0.006,0.0266786591566514,0.0266794903592565,0.0228091028003773,0.026294719481677,0.0140507682009745
0.026,0.0255337331932143,0.0255365103978863,0.0267400453920735,0.0260254411700479,0.0316167538220925
0.026,0.0279419462319199,0.02794592473576,0.0231223407988639,0.0294726261258317,0.0229227668813624
0.034,0.0429526646091968,0.0429529658348814,0.0432697482893356,0.0443263433943123,0.0438818705437271
0.023,0.0329909860189969,0.0329906017649123,0.0318883839482261,0.0337047119392647,0.0248360446719481
0.084,0.0630215210036166,0.0630196101878583,0.075000789985998,0.0643735745750851,0.0798331930263631
0.014,0.0194750055206336,0.0194748855249638,0.016381510206968,0.0173262442609494,0.0210623926277901
0.005,0.0135685176064346,0.0135749545114663,0.0077008650147429,0.0153341674865991,0.0073254003972578
0.0551,0.0356039483026064,0.0356024912700624,0.0336407860208744,0.0365721796583013,0.0381427185378923
0.018,0.0327885858036239,0.0327845022457378,0.0204233134690502,0.0322981145807531,0.0160265325577517
0.03,0.0495349199823392,0.049527950085952,0.0395241983565513,0.0502682157223909,0.0371978609990338
0.026,0.019643451941175,0.0196474846311271,0.0228627566609292,0.0207878573690596,0.0237249014294653
0.046,0.0351412844870818,0.0351481898483462,0.0370829792292606,0.0363526581961706,0.0300224056258413
0.026,0.0397198011512684,0.039725048879568,0.0311901632956468,0.0415431178659883,0.0313450655924574
0.068,0.0644353742902075,0.0644373192103953,0.0771612889565108,0.0659403328047009,0.0905618141291914
0.0316,0.0240696840319859,0.0240757779896223,0.0196931292837225,0.0227096688867173,0.0286837892520462
0.032,0.0363704707938624,0.0363693498717016,0.0313155003211788,0.0362796176822339,0.0362765508463779
0.008,0.0251153282622212,0.025118303059354,0.0208953273208212,0.0229485148753694,0.0158299583963603
0.007,0.0192155766609857,0.019221521012988,0.0134113385767222,0.0195669232105579,0.011779396174016
0.007,-0.007497440376152,-0.0074935108795518,-0.0049252551395883,-0.0067721030309405,0.0056279042987555
0.0287,0.0130115501037454,0.0130110245957442,0.0056953551675872,0.0118705475506237,0.0119751443747857
0.023,0.0268163816172191,0.0268161551256715,0.0274746128894288,0.0256210036885111,0.0250035131944815
0.009,0.0223359944153697,0.0223350923812566,0.0240700452821809,0.0230415995312415,0.0150476040287178
0.0505,0.0267600633256924,0.0267542121166919,0.0319993218949513,0.0255897260529784,0.0429937509315979
0.092,0.0720120270467299,0.0720038300070829,0.0843820249078965,0.0711452164951367,0.0817660225636654
0.006,-6.37019387683263e-05,-6.755274688810542e-05,0.0101871938030257,-0.0029343097129924,0.0072839522273641
0.014,0.0110488571686024,0.0110442299973661,0.0164376928660755,0.0107945297691832,0.0185413241999399
0.049,0.064714586948215,0.0647058051091172,0.0660469061618281,0.062779476920463,0.0580504683956641
0.026,0.0131138160251194,0.0131226136089794,0.0320094238310028,0.0143529023832239,0.0288612393340556
0.008,0.0127606104280125,0.0127590996966754,0.0129683270233756,0.0104035167912842,0.0097424688222282
0.065,0.0629171128356145,0.0629124118312145,0.0711670989523155,0.0623083559115241,0.0751170311585033
0.022,0.0469434043983738,0.0469447445551726,0.0248955870893222,0.0490541034497604,0.02296430831683
0.0042,0.0156897282273095,0.015693118872408,0.0111650444247459,0.0162932275706026,0.013264136103611
0.003,0.0176760133295029,0.0176726710330765,0.0026188244879609,0.0204960101772863,0.0063514929998402
0.047,0.0414354391706397,0.0414381523172595,0.0463286270840613,0.0405571577306984,0.0392735408609013
0.023,0.0342552348375232,0.0342606569495439,0.0310524922965406,0.036910392661518,0.0298878993996073
0.0187,0.0337306005423792,0.033736024377172,0.0213551062747336,0.0346930368394772,0.0191630948456332
0.01,0.0236552840382546,0.0236551169153966,0.0174781886429469,0.0238052706454541,0.0155820203095613
0.029,0.010668960746156,0.0106589984978921,0.0328102459315644,0.0069041363714401,0.025806123049193
0.01,0.01393049412713,0.0139314324049279,0.0149750539761883,0.0122662308575669,0.0164895418906263
0.0109,0.0172117824449465,0.0172178819706861,0.016423589121947,0.017081414553339,0.0192551897152022
0.017,0.0237941794165617,0.0237963810881838,0.0202164995174758,0.0231340700784572,0.0242681727722734
0.051,0.035984795276941,0.0359807969665361,0.0404102025097683,0.036865535634454,0.0440588808239942
0.031,0.0200621896452912,0.0200665747750415,0.019105127455801,0.0203563872037053,0.0257541698798367
0.115,0.06006464787009,0.0600580840379808,0.0729497276979513,0.0592504576135531,0.0762074706816073
0.0223,0.0240446587661919,0.0240449469966512,0.0234442432498864,0.0244440959825436,0.019577585495755
0.004,0.0075390434632564,0.0075390622546281,0.0032568750701829,0.0070603443128513,0.0091869590380319
0.0652,0.0573295050086343,0.0573345896244521,0.0771759569102993,0.0580164680638918,0.0759909553154168
0.014,0.0244235791175768,0.0244215310674948,0.020542503838863,0.0243474650028076,0.0166444541462549
0.0373,0.0068777874596625,0.0068740864879798,0.0099211395795513,0.0037169042143267,0.017395254766888
0.0165,0.0218229701131239,0.0218141447026796,0.0239398330396769,0.0214499221359971,0.0205098022922068
0.069,0.0444460136923961,0.0444548762572621,0.0463680045176131,0.0464120636894087,0.0519402536241126
0.008,0.020593594431949,0.0205989086634167,0.0168751809740189,0.0232972435962516,0.0134117277884453
0.017,0.0120071462047051,0.0120091638214916,0.0076289577362554,0.010309395380324,0.0125477159655359
0.052,0.0384832498822928,0.0384849800209234,0.0316787990014043,0.0389402447720496,0.0317818958361186
0.018,0.01801045481741,0.0180088625951163,0.0215724883847372,0.0160876129836984,0.0169423301690714
0.029,0.0460555803355216,0.0460571826460796,0.043417612948595,0.0476850394457221,0.0379989220206882
0.026,0.0144207082540462,0.0144198833135954,0.0152835060782118,0.0145960227016253,0.0162920896740141
0.011,0.0170949909528315,0.0170987901741346,0.0184394628161424,0.0176576712705076,0.0179333122281829
0.026,0.014996596336838,0.0149958140262488,0.0136222989880793,0.013302413042444,0.0179988373244831
0.025,0.0285316314322655,0.0285286514270871,0.0250562614548426,0.0295224901035814,0.0229794052318919
0.004,0.0103494937558976,0.0103473370128443,0.0049881279045333,0.01140413357314,0.0093808430151046
0.001,0.0177774356579056,0.0177785388806062,0.00499021566403,0.0173771449442069,0.0087945005472997
0.042,0.0470915535780312,0.0470922239663325,0.0387924739008716,0.0473155727760857,0.043902891162334
0.056,0.0608267142649806,0.0608084991924605,0.0508635289588428,0.058886489175339,0.0468935353879295
0.1469,0.0854936641211545,0.0854734142234261,0.1019555106560134,0.0859901705451978,0.1110714395128979
0.013,0.0213876988919589,0.0213865276015113,0.0197526151170367,0.0197020040081961,0.0168642019460598
0.068,0.0538633742912124,0.0538557319359593,0.0571097290426296,0.0511067753207229,0.0622156117153559
0.036,0.0379391775947299,0.037945500791234,0.0341342008589551,0.038772136037222,0.037576775812026
0.062,0.0515200428072774,0.0515149471660196,0.0493137344494164,0.0504217651739427,0.0412419706344315
0.014,0.0221564034594604,0.0221579684981068,0.0290032461028406,0.0217489668935905,0.0238584491565214
0.015,0.0270015906766563,0.0270008912494955,0.0226378980784739,0.0271609677133361,0.0221667846658454
0.045,0.0527690049829232,0.052767596396346,0.0614519740186802,0.0541182141639091,0.0768272641157172
0.034,0.0020476816352997,0.0020480625967917,0.0432849203993801,0.0013892116176274,0.0329170458129153
0.058,0.0412969725010731,0.0412957957880284,0.0353737586677455,0.0456073801567683,0.0385410707275184
0.021,0.0144788985797819,0.0144786655274956,0.0202689700491509,0.0153930005107053,0.0197681002525263
0.014,0.0174250935046268,0.0174189716351767,0.0146456044889437,0.017152665512804,0.014446023885644
0.041,0.0357576832968139,0.0357601952207789,0.0313232699294388,0.0348419410012897,0.0447351992343082
0.057,0.0644427133883771,0.0644281902158635,0.065110490211859,0.0635624683326397,0.0821770971294132
0.006,0.0117398807977947,0.0117397014083952,0.0099007202653362,0.0132703097477024,0.0081678909063445
0.011,0.0058718702785191,0.0058720972302176,0.0082973601088172,0.0048939548262368,0.0085231529365629
0.0521,0.0430748381426323,0.0430709907874932,0.040686196290438,0.0442570980980065,0.0486956897824388
0.042,0.0431092622082284,0.0431095435989491,0.0409574372474874,0.0436730293884877,0.0402555678251671
0.0076,0.0184207025336583,0.0184270790954389,0.0157991635173323,0.0186832293935778,0.0128448876566257
0.06,0.027067905745698,0.0270715669794325,0.0360455042332605,0.0281948107598672,0.0430677006681316
0.0114,0.0253400961489275,0.0253459803815994,0.0205124829168813,0.0272124276042837,0.0182329941103549
0.023,0.0216029563011297,0.0216108948640256,0.019896398225851,0.0230573883602063,0.0222776298466236
0.02,0.0395424802160976,0.0395363351089707,0.0343534450305371,0.0424164640766338,0.0382359913692149
0.035,0.0312064374384204,0.0312101340498223,0.0245203261661994,0.0325391632851865,0.0264853135241973
0.021,0.020884495582789,0.020898871597851,0.0195285273435334,0.024197991478929,0.0254393669564498
0.002,0.023818812836559,0.0238168565276045,0.0188890474173281,0.0212368179281581,0.0117903768574534
0.003,0.0113905716838498,0.0113872895690188,0.0076008670032372,0.0111165235263259,0.0083372136923903
0.008,0.0093846035794893,0.0093851056481989,0.0063424573795935,0.0101879591046389,0.0075256077602801
0.011,0.0150111126210477,0.0150141895013822,0.0107306952270387,0.0151420310425381,0.0107944735850728
0.028,0.0044691072035339,0.0044591520364155,0.0108789811663216,0.001828777732347,0.0205477940228477
0.0425,0.0302654257147076,0.0302694075767689,0.0331321442271946,0.0315517218571753,0.0395101835493308
0.019,0.028225506995625,0.0282241902340066,0.0243680765382159,0.0278619612537388,0.0219445596165444
0.0593,0.0348942252547475,0.0348944509283545,0.0325771050655436,0.0357481108292561,0.0408856394992891
0.003,0.0178131736584814,0.0178122677637236,0.0198095812613219,0.0176819216137119,0.0115785527581139
0.03,0.0187201142445988,0.0187294250677033,0.0144249627673512,0.0206897664940053,0.0155932531171472
0.018,0.013746009412319,0.0137465198583789,0.0165154363135632,0.0138753429112012,0.0155030009740494
0.085,0.064823204169645,0.0648181953917865,0.0772072327796817,0.0657278743712115,0.084215312979648
0.0417,0.0499541765370162,0.0499532207546374,0.0510350324438891,0.0505504792516593,0.0592713931457524
0.033,0.0518544980252563,0.0518584765686767,0.053773483669129,0.0543229400664182,0.0319171002836645
0.022,0.0164305154925294,0.0164286591357308,0.0180676190934097,0.0170382902071811,0.0210696102374696
0.0185,0.0291298402139038,0.029124413026121,0.0248880053451713,0.0295401527047763,0.0225283841193052
0.041,0.0381756333732625,0.0381671971113484,0.0384440152750966,0.0356806995355477,0.027286338621222
0.029,0.046498506957122,0.0465015586947183,0.045811416102455,0.0475647646135944,0.0393843610259319
0.035,0.0155027737930354,0.0154991084169851,0.0220337534418673,0.0156572874230935,0.0210215832072391
0.027,0.0329876437543883,0.0329916612641709,0.0353154259359093,0.0348696908238224,0.0245905282732428
0.056,0.0496860800800452,0.0496804066310792,0.0517377445031659,0.0490692140527109,0.0482754286369418
0.0171,0.0222638101076917,0.0222624813346387,0.0135574303263336,0.0214029494456065,0.016858435986015
0.047,0.0304531477549024,0.0304657987758608,0.0289890910082603,0.0315466189654566,0.0345307636637684
0.008,0.0112582863640148,0.0112488340202794,0.0033375683429369,0.0092450082329675,0.0076507179205331
0.019,0.0216330196105733,0.021650024480825,0.0147905360152947,0.0234627832586162,0.0138230267864778
0.007,0.0157317985903798,0.0157345559543134,0.0067800608645937,0.0162609090231976,0.0074583287760946
0.008,0.0175928520642075,0.0175938794870924,0.0132737083125741,0.0172100593192782,0.0105939446718183
0.015,0.0170443758383779,0.0170438401632185,0.0137717958914489,0.0158318766748417,0.0126379567201523
0.0116,0.0299648858620455,0.0299686285636285,0.0250395483303816,0.0316656833934741,0.0248364411602285
0.028,0.0175321515899688,0.0175310304968103,0.0148308362123083,0.0184600120222875,0.0171310331753352
0.034,0.047067659097453,0.0470578143147745,0.0360472074532676,0.0456540835618721,0.0368624482205504
0.06,0.0393085907881621,0.0393164475266687,0.0441093376793796,0.0390284045231781,0.0384342200859071
0.04,0.0455335324871852,0.0455304417199493,0.0509159582654388,0.0439425055436543,0.0431498481838336
0.016,0.0366601352017563,0.0366625453253029,0.0338584555549012,0.0366145427556687,0.043496256089326
0.0809,0.0533173040179703,0.0533254650328765,0.0606486445011529,0.0564293343135839,0.0591049065973668
0.025,0.0473116434589804,0.0473029701635685,0.0293031669214418,0.0453129923854381,0.0237429453143233
0.024,0.0368666065252273,0.0368752462447818,0.029408877194974,0.0389019354068936,0.0241376744478059
0.013,0.005141288990319,0.0051408818563721,0.0042066028099167,0.0040703448630929,0.0082278743746002
0.012,0.0083039711909442,0.008315282927496,0.0051648634878287,0.0117354723273207,0.0118745370286853
0.0601,0.0582080303218905,0.0582090029796067,0.0679637470346513,0.0577967772919749,0.0601041281812353
0.008,0.0242505781764239,0.0242494619623179,0.0188332302547561,0.0229080089464476,0.0105123143782299
0.023,0.0209494622836212,0.0209514554638655,0.0252716148906055,0.0219527659039596,0.0235313924097243
0.024,0.0151049940205941,0.0151038178760254,0.0167113080178745,0.0158130665827008,0.0187936285985768
0.018,0.0247486253156736,0.024744602446794,0.030364731667677,0.0250333334651907,0.035866659693212
0.039,0.0526890392298937,0.0526877647304164,0.0465329885338568,0.0553208187512836,0.0500022650447645
0.024,0.0145849902300975,0.0145822722604146,0.0179223679605084,0.0128514684860557,0.0131700399593457
0.0082,0.0297757616183233,0.0297749865220721,0.0222124661913394,0.0289963144415185,0.0220189115164203
0.034,0.0258053563574761,0.0258111583320512,0.0238958947916803,0.0274805717592899,0.0254048330495252
0.066,0.0341000580024966,0.034099339044227,0.0363719385320679,0.0334717564716761,0.0380531007014206
0.006,-0.002310812867273,-0.0023104651669837,0.0125030283689283,-0.0048228313638953,0.0070804503029718
0.003,0.0144247141051616,0.0144152636224138,0.0131539463916608,0.0151121039457994,0.0131938905581737
0.005,0.003947755982243,0.0039508405589354,0.0079151711878608,0.002691211052845,0.0081322153366646
0.0259,0.023581602012592,0.0235739226505659,0.0319168046821055,0.0235765094834395,0.0394835445033757
0.027,0.0372004248774978,0.0371953175231914,0.0334835637909353,0.0380793265234961,0.03765338798925
0.024,0.0303922484080576,0.0303868246580417,0.0321887566358954,0.0287658050471313,0.0281983599084051
0.045,0.01870389295981,0.0186990152491434,0.0339962563246055,0.0179921081661421,0.0349493925518948
0.004,0.0217656751124488,0.0217648629055517,0.0168588558899665,0.0192137822723402,0.0132563211406863
0.04,0.0471048052457997,0.0471071102883734,0.047287499851285,0.0478407596279645,0.0425965467630832
0.044,0.0252505388864381,0.02525430022058,0.0338094163273664,0.0268019820114899,0.0256503305036397
0.027,0.013473323040013,0.0134732660591238,0.0130588804705341,0.0130423189414212,0.0100634665449946
0.017,0.019933486176776,0.0199336591364198,0.0179282157527513,0.0191276015790851,0.0128992986446677
0.027,0.054096504361143,0.0540952648220252,0.0443178359680531,0.055325227917736,0.0473950881131787
0.007,0.0209593390959573,0.0209576448323611,0.0205628281050432,0.0209698191608186,0.0129329812758717
0.017,0.0328846413801,0.0328835500350515,0.0274780286798755,0.0328571877369866,0.0212333887204168
0.044,0.0454827739811021,0.0454790637166696,0.0457900503421018,0.0459350755659238,0.049108782307802
0.034,0.0233965841573513,0.0233946045564811,0.0336048509532734,0.0218157352862382,0.0312053657997026
0.006,0.0148294130798452,0.0148334639661439,0.008407771670156,0.0153817680163762,0.0094727396148137
0.012,0.0263026561962004,0.0263034117884988,0.0202426568621287,0.0270890451469079,0.018079329468295
0.002,-0.0023249975915559,-0.0023195014327362,0.0035080964915112,-0.0011857107918908,0.0089743721755016
0.038,0.0499349385073913,0.0499388800084448,0.0570206931479655,0.0504092009989897,0.0437466636565995
0.02,0.0129185383327985,0.012916970286507,0.0088823418816435,0.0113182852198545,0.0135986924499577
0.013,0.0185001866981376,0.0184957021168228,0.0228866299934111,0.0166113427753102,0.0141994126301623
0.01,0.010780080888285,0.0107819174718075,0.0042857957028683,0.0092662763866803,0.0077767135076252
0.025,0.02665902342854,0.0266638331809446,0.0246345330956041,0.0272145776682316,0.0247885649521284
0.0475,0.0377746714126956,0.0377708477903727,0.0301416734866227,0.0381034585354793,0.0342102264129928
0.011,-0.0131050308324086,-0.0130459945770918,0.0057459523376157,-0.0043664719546636,0.0103460962088196
0.019,0.0089316453171572,0.0089438508952225,0.0338947084639084,0.0113805833094494,0.0350560475327774
0.003,0.0176224351713519,0.0176244087947435,0.0136740596354525,0.016443057070833,0.0089409171336738
0.0515,0.0280402853297151,0.0280467938043614,0.0225919990436353,0.0268932730510123,0.025347148997952
0.008,0.0134106123120916,0.0134089063180958,0.0140469968132447,0.0114785777023635,0.0126851554063331
0.026,0.0248621112931438,0.024857134218765,0.0201861313049229,0.0254763204717482,0.0195618424071231
0.0681,0.0606234755224787,0.0606309925965585,0.0610860989561348,0.0633685815219533,0.0640438117319899
0.01,0.0090034630903246,0.0089987276549631,0.0164451895827113,0.0082767706579212,0.018328340701735
0.02,0.0092109454261569,0.0092151787099538,0.0051104794728783,0.0107901524883737,0.0075128697551192
0.062,0.0523606774191239,0.0523531961832353,0.0539605398072163,0.0508772555561024,0.0519823418173143
0.042,0.0354672625738112,0.035469351802876,0.0379157666227729,0.0355965254538219,0.0351136189703807
0.0352,0.0175404783458619,0.0175583661460375,0.0336750429556663,0.0214005406267542,0.0397976636689113
0.035,0.0377833533373059,0.0377693577447321,0.0345775506970987,0.0353318437673699,0.0443149917533021
0.025,0.0212517630621797,0.0212616646085962,0.0168511958375776,0.0223560868924667,0.0195018332500835
0.022,0.0241985923219941,0.0242006272160148,0.0247745212927392,0.0232429047034237,0.0161144264363729
0.065,0.0671215866589077,0.0671181227632734,0.0672666988309785,0.0692664744841349,0.0611150589425844
0.034,0.0155110758350534,0.0155122074909652,0.0310089638719796,0.014565995825055,0.0260172061771895
0.008,0.0088802101847943,0.0088792669707673,0.0140076066436579,0.0093456503226062,0.0081195734047717
0.03,0.0138405357842497,0.0138383734833951,0.0144946288683469,0.0142828595972159,0.0113309876450969
0.034,0.0310110786160069,0.0310063466351279,0.0279043399555953,0.0322788431656258,0.0327578451526527
0.027,0.0171222990453789,0.0171255766095229,0.0222867592812521,0.0171398319772465,0.0217403685789009
0.021,0.0223361818850912,0.0223356079650944,0.0195924858706651,0.0216427147490783,0.0122975447937893
0.053,0.0402602556811364,0.0402655790481766,0.0307538967652266,0.0403744560748857,0.0392947979964218
0.032,0.034961159710555,0.0349501673767458,0.0405961509308555,0.0320482905829517,0.0370803185144051
0.0201,0.0238232531412745,0.0238237941340637,0.0138263009675597,0.0220349983814676,0.0220474114798411
0.021,0.0169316230325329,0.0169282821438194,0.0115942914690521,0.0157208340898881,0.0128110402110547
0.031,0.0293821502145232,0.0293824776706928,0.0339361664564122,0.030835430148694,0.0308026444071993
0.0065,0.0093204541421243,0.0093291438726965,0.0015167119447152,0.0091760251069088,0.0104560032837612
0.029,0.026999912838803,0.0269974738849408,0.0286315321659237,0.0262957765613322,0.0326466449059505
0.026,0.0135069148522919,0.0135111456163202,0.016033297577506,0.0142921060076512,0.0214321687870496
0.0499,0.0309274253977254,0.0309338556641792,0.0348592328235665,0.0305281789279504,0.0395143187228299
0.012,0.0165898408991046,0.0165906262114842,0.0142143849576984,0.0160062069992981,0.0149462890673591
0.009,0.0288297076018834,0.0288330512517054,0.0337252092482461,0.0305133386017073,0.0309546252454509
0.024,0.0397853594146356,0.0397844341169687,0.0424123732695192,0.0406259116730785,0.0352695246522421
0.016,0.0289749245078545,0.0289702526493728,0.0260404274653665,0.028346946384773,0.0251608667837095
0.025,0.0280681484627965,0.0280767843142061,0.0341015673969123,0.0300240808057381,0.0364300201501145
0.006,0.0040404011190594,0.0040377121673807,0.002621018044594,0.0043012737679348,0.0079664246296716
0.017,0.0170832695755707,0.0170820296713214,0.0122152214422124,0.016327208278345,0.0156031301261632
0.003,0.018160892230558,0.0181559413765999,0.0175502996041379,0.0179908588372507,0.0147194136596583
0.0928,0.0585919952267663,0.0585970681585131,0.0747975439635533,0.0608248731136217,0.0879336580431118
0.046,0.042346248691978,0.042346575807272,0.0442091894454645,0.0443161528548722,0.0375559531967008
0.009,0.0358360727500813,0.03583917626373,0.0360254052556624,0.0377100774018977,0.0318335613970645
0.013,0.0275900136198228,0.0275875669464187,0.0241075939427342,0.0276515669522518,0.0227322825957564
0.009,0.0232549140532492,0.0232461162755678,0.0202982218281779,0.0255007298344082,0.0172876692857283
0.0807,0.0424062922600261,0.0424159965166299,0.0500902636504434,0.0434633356457739,0.0641294515926588
0.043,0.0425364569665201,0.0425414100176386,0.0369375627679051,0.0444041328935826,0.0402769498080094
0.0286,0.0232090233725419,0.0232276768209551,0.0299772175478288,0.0270537426056132,0.0325454349941404
0.015,0.0228999919895626,0.0229080773305708,0.0231305293419123,0.0253183338264212,0.0178919503806237
0.054,0.0519191104556763,0.0519206241327044,0.0620292170712167,0.0531822708288685,0.0564625570689651
0.07,0.0757954005802646,0.0757726875790929,0.0650547719812512,0.0731588524507315,0.0666766878374274
0.002,0.0231853550541702,0.02318737347502,0.0150388983898914,0.0233941076777708,0.0097874787576915
0.048,0.0299212000187726,0.029923469888211,0.03304365513114,0.0303150067623934,0.0226187618123451
0.006,0.0046157076562381,0.0046181059131177,0.0007853576107333,0.0047076561496709,0.0057070434338718
0.014,0.0215616475643328,0.0215589162950323,0.0166582089695839,0.0227396135638053,0.016996663883768
0.04,0.0350023646327094,0.0350023574830896,0.0310866252366638,0.0332919151984695,0.0242786950921325
0.013,0.0227222580546887,0.022714406253034,0.0250470520963018,0.0231529727709635,0.0240037736500313
0.028,0.0366574779674118,0.036658700181338,0.0311182395822164,0.0385055614820384,0.0337340789435288
0.022,0.020368776898997,0.0203677859325767,0.0240242118324036,0.0200123668464048,0.0233051475985489
0.0114,0.0231348537881029,0.023130305048565,0.0192055950230529,0.023190646284374,0.0194258945054288
0.038,0.0415003682200524,0.0415044972260796,0.0400836936777468,0.0443316593960832,0.041147508950969
0.0289,0.016105967239943,0.0161075978600378,0.0116833572921635,0.0168785146547266,0.0126738398759246
0.002,0.0190159832479862,0.0190162275074663,0.0215055267359132,0.0184542680182267,0.015625384789146
0.069,0.0411484360264542,0.0411544727551898,0.0473687382131717,0.041720853526449,0.037515121227381
0.004,0.0138984809522064,0.0138948773951065,0.0155462189652389,0.0140920163524773,0.0141780754571734
0.013,0.0273821523893049,0.0273890663080304,0.0253736346450056,0.028240575594621,0.0293884332724247
0.017,0.0176063058267846,0.0176015192135541,0.0303645748122166,0.0157602110786257,0.0245954301516219
0.015,0.0174643493656679,0.0174702492887391,0.0249771607487313,0.0151684099239751,0.0217373095644717
0.052,0.0515906807674766,0.0515995657674292,0.0599002861467219,0.053972196574342,0.0580178868428747
0.022,0.0306207330279772,0.0306136032163709,0.0334878771525249,0.0305351096399118,0.0234774180882218
0.072,0.053778594078409,0.0537778105039541,0.0495570683570789,0.0547528037045948,0.0637911923323263
0.029,0.0178244896659825,0.0178268862024947,0.0175097456905125,0.0183777212407625,0.0177913748405749
0.016,0.0077652803738043,0.0077580322111697,0.0191129351038426,0.0061780149452411,0.0228662701493426
0.021,0.0331169353520379,0.0331181001505971,0.0308177365281319,0.0346520091064946,0.0287808277164686
0.002,0.0076673481419144,0.0076648332363621,0.0032557104131219,0.0073043073945693,0.007682817288455
0.009,0.0133871170014225,0.0133848957167826,0.0163874357800338,0.0128821978087039,0.0147266770248156
0.009,0.0140421241125415,0.0140430335916662,0.0194801030760252,0.0145736820301015,0.0173533355377479
0.0236,0.0347711694850435,0.034773152058626,0.0313421563623873,0.034588127917545,0.0342686219109871
0.026,0.0314967529608974,0.0314944531570858,0.0288518710480926,0.0315411236723123,0.0312091580473248
0.041,0.0208230268778589,0.0208130060536323,0.0231070458673176,0.0163859625197011,0.0312927777207822
0.012,0.0236418000097484,0.0236428503749147,0.0135277288184284,0.0242071867649697,0.020322832458998
0.0682,0.0464000166871599,0.0464029695901935,0.054918461294762,0.0468097775653897,0.0616848211948073
0.036,0.0513719561266695,0.0513772291842671,0.0499246647862149,0.0542582425359854,0.0552604031540581
0.017,0.0172832270733304,0.0172844388277143,0.0117239318357825,0.0180309805553507,0.0088387796347175
0.029,0.0160396297051102,0.0160434729317084,0.0152023174022551,0.0157784221342177,0.0207449715191253
0.0773,0.0534215214445687,0.0534264807601123,0.0579217775605224,0.0563637656114495,0.0594654373714301
0.036,0.0295370349357069,0.0295362904552179,0.0323578178864937,0.0292631025494316,0.0304870283836695
0.02,0.0138079445400734,0.0137962735733868,0.0237043628709704,0.0104781356279925,0.0183910675377278
0.026,0.0340757471293534,0.0340767322843307,0.0310281582043844,0.0349203661137762,0.0304244016506101
0.035,0.040649481075643,0.0406582662900311,0.027814544551094,0.043305818587792,0.0246928601096464
0.03,0.0296919876964041,0.0296891029376,0.0234740539877839,0.0295838879913548,0.0222952740157077
0.031,0.0171287000286249,0.0171300323656847,0.0148972875631622,0.0154989071223329,0.0131369874083287
0.024,0.0105974764521636,0.0105857102961578,0.0217240182417755,0.010048204571584,0.0253123600835616
0.027,0.0463376092933531,0.0463408032557866,0.0435449399834752,0.048024441562501,0.036540731908872
0.024,0.015382595111886,0.0153934762321498,0.0138309868976897,0.0171972673856171,0.0174715412053276
0.042,0.055299488319463,0.0552972553987364,0.0681840614753085,0.0551426989875654,0.0512771564437288
0.006,0.0214883585660389,0.0214925802957989,0.019462664913578,0.0225362318940177,0.0176819095393675
0.0238,0.0288966732997427,0.0289078698521593,0.0206028187345884,0.0292678029837324,0.0267972975791631
0.006,0.0338301716344753,0.0338380761609297,0.0360506744890854,0.0357246739510543,0.02650643928234
0.063,0.055182989015005,0.055193741676365,0.0638047930324474,0.0565900761366628,0.0717433786510086
0.023,0.0195195233032539,0.019525334361587,0.0259442710433485,0.0193642976338276,0.0236605994554964
0.0421,0.0268404622058436,0.0268460836988692,0.025297487785627,0.0264869606582486,0.024135738970503
0.034,0.0311814408127132,0.0311843950608654,0.0349666338334419,0.0328072243314651,0.0333308541704847
0.033,0.0220717184299723,0.0220691988615346,0.027852859339524,0.02087769128983,0.0278232884566677
0.051,0.0319176651357022,0.0319173840379444,0.0312128641733068,0.033272369958661,0.0316892932446913
0.014,0.0322160502779408,0.0322175701288343,0.0273132454386146,0.0323096045890552,0.0221458549647989
0.0635,0.0377993605805729,0.0378026743042739,0.044968069660869,0.0393527206922567,0.0409263041331426
0.014,0.0171121539015274,0.0171137971244248,0.0111102302636278,0.0161342241100709,0.0112160483731237
0.02,0.0199280382990404,0.0199350605877837,0.020377957061947,0.0206000330732846,0.0250151401520863
0.0318,0.0160851325786705,0.0160855748882743,0.0173933294984541,0.0169003272596169,0.019403512502965
0.028,0.0224519612482571,0.0224466535042136,0.0330024513353547,0.023552537780039,0.029435249037182
0.017,0.0139675348683907,0.0139663835971168,0.0184598909856606,0.0117861222612839,0.0169073988534239
0.004,0.0201295246110783,0.0201445560688864,0.0146937776862821,0.0232599799440773,0.0129324541937753
0.028,0.0305827683563476,0.0305829633863911,0.0246515533631614,0.0312039065917962,0.0229220402779145
0.03,0.0339700106861456,0.0339764921800237,0.0285841673020155,0.0338892077537404,0.0312062538966343
0.035,0.0436032966903793,0.0436101863540591,0.0489759805629313,0.0466504411834306,0.0483069843562592
0.012,0.0134901133050237,0.0134892621378257,0.019511729645385,0.0122589636366966,0.0215373457919821
0.003,0.0086465311379053,0.0086482080662677,-0.0029789029339656,0.0092396567446403,0.0045890810123731
0.064,0.0720124134408011,0.0719923324384908,0.0551375898094817,0.0696310284191852,0.0551520432842919
0.0109,0.0195783792046801,0.019574831300405,0.021576305497473,0.0182757827203894,0.0228916301587344
0.0827,0.0469551237920935,0.0469600323074903,0.0588155104337966,0.0478312895844813,0.0649714231602038
0.024,0.0206876264547534,0.0206824607283176,0.0186071886315421,0.0188706064391984,0.0199050058146146
0.039,0.0402648779951906,0.0402626168713383,0.0432731456854318,0.0420429246523135,0.0370377893093733
0.005,0.0218278535892056,0.0218322470825531,0.0185717374247515,0.0198629517975023,0.0184974405359956
0.029,0.0203717085638534,0.0203641610800628,0.0336270809537205,0.0199423955626473,0.0328724345427681
0.097,0.0698667565552374,0.069861029332801,0.072721756930798,0.0709770174766942,0.0767794975654524
0.015,0.0356002685605109,0.0356028412810682,0.0295860181823952,0.0343862868729706,0.0345998196640924
0.013,0.0460494849719689,0.0460428397521743,0.0290339053564402,0.0479596689802884,0.0337425126787848
0.0599,0.0334348371953585,0.0334484111092841,0.0266014088663799,0.0339233877296005,0.0309142896112835
0.002,0.0082456586070224,0.0082456733227963,0.0208974973529295,0.0086921438034184,0.0090012519281
0.024,0.0231053496756761,0.0231116421842382,0.0147214053518133,0.0249679848966959,0.0150272330237024
0.003,-0.0056911711045465,-0.0056900532733515,-0.0015832865342985,-0.0040713141608449,0.0045509857829301
0.0081,0.0145784695700267,0.0145707233086209,0.0149075629992753,0.0141498092482634,0.0113667332619773
0.0314,0.0404619491331323,0.0404666557577745,0.0353550818270717,0.0406734148230847,0.0398871910071539
0.002,0.0038434155477393,0.0038385753816252,0.0034408425569933,0.0032272301301744,0.0058951942906556
0.002,0.0137555893778123,0.0137595738194644,0.0075393035342809,0.014599044534208,0.0066593316844035
0.0152,0.0131952245081131,0.013189818120244,0.0136630674162237,0.0102742150218654,0.0120288761367383
0.01,0.0261130546241929,0.0261135661779688,0.0215271301763471,0.0236083075661508,0.0167378173230433
0.043,0.0316165094827044,0.0316137916010944,0.0280576455850443,0.0315959115136034,0.0375714341478869
0.031,0.0421646470716172,0.0421724734643138,0.0423132286663767,0.0451456974215592,0.0380190912556172
0.006,0.0168764281787913,0.0168705152809683,0.0188211850341531,0.0139028100567075,0.0189500738337925
0.012,0.0372807847078844,0.0372893230295998,0.0367123979510838,0.0384185359694846,0.0320334812244447
0.047,0.0568672019977729,0.0568542522774551,0.0456365234919815,0.0563403370277327,0.0594503797864625
0.037,0.0440523355145656,0.0440536895055003,0.03955815117805,0.044502061469077,0.0384187200688605
0.005,0.0124276477936676,0.0124317371903131,0.0175086225273464,0.00964095891143,0.0128340713231391
0.03,0.0269897743161633,0.0269999211818866,0.0375441574810273,0.0280858212390673,0.0351607509601671
0.086,0.0614583516720279,0.0614535432697439,0.0698505675253637,0.0604167134722235,0.0680584265200859
0.015,0.0211110751101161,0.0211144557163038,0.0273749264185532,0.0219369119679641,0.0186792758917469
0.035,0.0518928464586016,0.05187784652965,0.0419848674639524,0.0511732948561579,0.0419975958700978
0.02,0.0255977052150273,0.025599300387987,0.0235851419499601,0.025294560433687,0.0250842637867601
0.003,0.0136478323528404,0.0136489722333536,0.0099218697399037,0.0139196331774994,0.0069302952065881
0.0345,0.0220202051409635,0.0220162083936419,0.0136811614233396,0.0197824913975918,0.0272305286684093
0.017,0.0084870743906539,0.0084896076358029,0.01072176662035,0.0104388630565241,0.0110187072318599
0.0272,0.0207292828854284,0.0207387151921776,0.0181464432645914,0.0209507618931342,0.0200808605668476
0.074,0.0578385992060978,0.0578397532186287,0.0531859124099358,0.0596642230803705,0.0574149267184653
0.038,0.0442607390298197,0.044262989661266,0.0421845926656528,0.0467458941639581,0.0482752417617186
0.004,0.0213431548629811,0.0213427685377757,0.0111673660961367,0.0234781388073502,0.0099094077833277
0.014,0.013159478703872,0.0131631999296858,0.0155088863387405,0.0125041861034147,0.0160393647916928
0.056,0.0406417747220042,0.0406494578499453,0.0473845471334886,0.0420134322387882,0.0457384550818917
0.032,0.0160415772626336,0.0160360366243069,0.0135644314096885,0.0142192752419447,0.0136819625231077
0.058,0.0679608592612842,0.0679495754320871,0.0608760201581214,0.0677426863170487,0.0645338113262625
0.013,0.0140917725797526,0.0140908110102959,0.0189371027383971,0.0152223582498002,0.0206683490209885
0.016,0.0141732266985723,0.0141739707000227,0.0133336989627919,0.0150822369805613,0.0125695751275915
0.021,0.0149000478387987,0.0149069759942889,0.0278760140716155,0.01555854911906,0.0282443106254359
0.019,0.0131641172802087,0.0131627887939383,0.0296963185690273,0.0131689496291117,0.0296184411886684
0.0374,0.0484930581212283,0.0484921145879638,0.0464240879554385,0.0463788722409558,0.0473864188541028
0.04,0.0564031381424352,0.056395346307,0.0671224379544095,0.0574608134345666,0.0575990055940281
0.0457,0.0369625310947065,0.0369674399833327,0.0365427654731264,0.0379778605132111,0.0350801083807349
0.0359,0.0232680002905698,0.0232649696879371,0.0318421942655397,0.0245704950439241,0.0397839434545004
0.034,0.0398698888069133,0.0398694602875056,0.0320536088976394,0.04032461000642,0.0311798288360217
0.036,0.0201152140449462,0.0201079386638223,0.0259152290260089,0.0202937217102535,0.0257131328317296
0.098,0.0597794318491298,0.0597760255134734,0.0812156282003714,0.0609476432180966,0.0839420449596272
0.026,0.0255894183648996,0.0255860532242854,0.0236850023118238,0.0242906325905581,0.0210058681463618
0.033,0.0373619963817515,0.0373576819564239,0.0316010188607608,0.0387069211625186,0.0384474772459144
0.016,0.019817475603725,0.0198192278615522,0.0128660630593083,0.0192004165277576,0.0163393350454158
0.0695,0.0430532601647045,0.0430527545993859,0.04357928605382,0.044819730643232,0.0500373862460077
0.012,0.0187155640479383,0.0187149451150653,0.016179342542681,0.0179499495692865,0.0172469037082827
0.03,0.0315250486998823,0.0315237524250583,0.030864582954272,0.0327295231978033,0.026917394526818
0.019,0.0181003853036779,0.0181145857452014,0.0142544183325568,0.0195685036845769,0.0183804299630926
0.016,0.0131597255660382,0.0131629023384958,0.0155028457272484,0.0123124434132036,0.0217430772696307
0.051,0.0377182003610784,0.0377213507236248,0.0339160276205003,0.0381300039168405,0.0310486152612568
0.039,-0.0025726781191352,-0.0025739163026085,0.0415144918889066,-0.004357714093166,0.0246384015906468
0.041,0.039786607970272,0.0397836899625932,0.0385584858033949,0.0384660146372118,0.0484603291886002
0.025,0.0358050153633168,0.0358113138184794,0.030100652241154,0.0367509886808378,0.0269441685126925
0.024,0.0269397208864889,0.0269312141310855,0.035713504124056,0.0265259211865584,0.0417035987228242
0.013,0.0070287282872289,0.0070342922808012,0.0073071571346926,0.0095816467179302,0.0127953205661912
0.021,0.0221978138382203,0.0221934423479815,0.0198202852674599,0.020838824551436,0.0175377364925461
0.0515,0.0590152400930691,0.0590098559078627,0.0598786366079703,0.0582960670173754,0.0649887116761109
0.0417,0.025871945051593,0.0258778755216641,0.0257537378630572,0.0255282763162178,0.0188001023866394
0.018,0.0299520672407791,0.0299556561259991,0.0331938669935537,0.0297245937709616,0.0298267647587085
0.013,0.0087507855120581,0.0087603832169096,0.0138364142716097,0.0094119786376084,0.0096199013286078
0.0693,0.051808283576091,0.0518014139151874,0.0408968360655543,0.051635943603195,0.0430554998221615
0.029,0.0192244941196197,0.0192177054695316,0.0278183987911154,0.0184184823103872,0.0322366666661224
0.038,0.0219306002769148,0.0219322326314995,0.0211083302872851,0.0211426967839998,0.0242794462613009
0.014,0.0373110070689249,0.0373177766633874,0.032370566907995,0.036218746029361,0.0239810489884606
0.016,0.0208386117146587,0.0208366869753459,0.0252886439438165,0.0198972750595312,0.0197224920693946
0.021,0.0259462970875645,0.0259466049707351,0.0309396327484638,0.0254203935888115,0.0292020961010421
0.031,0.026298877979474,0.0262959634284371,0.0200344633911359,0.025666375281229,0.0158027085237249
0.004,0.0013774801120373,0.0013777234206245,0.0034321662527608,0.0009973071787633,0.0075446251159173
0.0,0.0254106495992273,0.0254121510019267,0.0242605893430143,0.0250643350456398,0.0118513629131921
0.001,0.0271440379326015,0.0271401578063424,0.0219576098770714,0.0270177222139505,0.0165743466392664
0.024,0.0213630509157817,0.0213577184506879,0.0224163398784442,0.0202905127344688,0.0199449070112712
0.014,0.0189850401964144,0.018978862752271,0.0265052979129341,0.0213992622297269,0.0240678015411979
0.0343,0.0369188228685165,0.0369161013728228,0.0327709943638018,0.0385576754794909,0.0289867677768106
0.02,0.0167488284293593,0.016751015684884,0.0259193427214379,0.0169176241252174,0.021215052826149
0.01,0.0148839132201695,0.0148880973611807,0.0132146022432862,0.014820623884837,0.0129282510976948
0.057,0.0439774699054991,0.0439849186546636,0.0499048988218066,0.0439521812256078,0.0636904142452781
0.056,0.0313148304304317,0.0313145394228051,0.0341193066650021,0.0320242110683585,0.0396883860874593
0.012,0.0144823690391288,0.0144737495639794,0.0176777837538172,0.0137006884578455,0.021768404290146
0.011,0.0222620737872774,0.0222600334419545,0.0215848737318615,0.0215593664497581,0.0168282463435544
0.025,0.0518954391304832,0.0518921187972114,0.0477481457651814,0.052079370760358,0.0359242112246425
0.009,0.022795034918881,0.0227886400634629,0.0184746073503271,0.0197713771965255,0.0149012112586693
0.045,0.0187314657050174,0.018729882013354,0.0186066740115436,0.0185560799862364,0.0174014932812378
0.017,0.0141130805216517,0.0141198168295349,0.0140255878756273,0.0164068065855042,0.0158122938815255
0.005,0.0184317192960303,0.0184421532188082,0.0179444723999725,0.0219757935446202,0.0234340226135673
0.035,0.0579107035937884,0.0579096751686323,0.0528632638439536,0.0603546128718802,0.046323303679904
0.024,0.0352493107304541,0.0352552066234619,0.0278247229056979,0.0363733075973405,0.0322109351494574
0.024,0.0428644033859459,0.0428518363515777,0.037381341034202,0.040781528403499,0.0350846427324955
0.024,0.0143930252984104,0.0143931533104882,0.0223300428671057,0.0144825252345167,0.0245922809103287
0.074,0.080253385428774,0.0802314157755202,0.0735176015400285,0.0789147980769853,0.0738832421615901
0.024,0.0255547080234043,0.0255558169823878,0.017835466962777,0.0260359475131984,0.0180601064788421
0.042,0.0333534933075461,0.0333537174047418,0.0339024739529794,0.0352215281874843,0.0394296783011608
0.028,0.0167626857507342,0.0167549951001025,0.0314798650275772,0.0159865328263756,0.0283027719266457
0.016,0.0248781860232282,0.0248731814727349,0.0310517559928994,0.0262735651087522,0.0328310276745424
0.047,0.0388576276271122,0.0388643566025946,0.0357657251471689,0.0406100459306968,0.0399566758351805
0.0408,0.0250605047210904,0.0250581320000402,0.0284311167450443,0.0249361938683337,0.0267391739250862
0.038,0.028972498565601,0.0289698674135729,0.0289182317558908,0.0262536266627541,0.0325801461052282
0.015,0.0116047620747609,0.0116033725361795,0.0143177271963499,0.0086006716738392,0.0087187842857738
0.005,0.0167282342881352,0.0167293594410344,0.0126048816781224,0.0165223746220211,0.0102837297529122
0.036,0.0276598734983897,0.0276659260143781,0.0235416608135323,0.0283893157697223,0.0245682579958972
0.004,0.0092864202466586,0.0092930877784823,0.0029753441975622,0.0108843893509404,0.0063760348092981
0.008,0.0119913570144337,0.0119958530018579,0.0067583860755472,0.0123030937137062,0.0125760285772293
0.011,0.0238154564923362,0.0238088438282751,0.0211887476313417,0.0212002516766529,0.0137189378486885
0.051,0.0465894608919234,0.046599067635013,0.0526642259596987,0.0485099064304202,0.0480629730675296
0.008,0.0166289159081162,0.0166308470267729,0.0165521247415712,0.0168917309538719,0.0098492706940607
0.04,0.0253462775404949,0.0253578213426934,0.0260197057088395,0.0270775298058362,0.030186041140524
0.044,0.0244180267725637,0.0244254499524702,0.0299404161454874,0.0260404029837809,0.030772834631416
0.042,0.0381768970027099,0.0381662896967152,0.0290494791315692,0.0357613867161988,0.028409681752544
0.03,0.027921511361557,0.0279125013154635,0.027811323872888,0.0264046940841441,0.0285167846215992
0.033,0.0214873057227581,0.0214708761918681,0.0371609414943499,0.0179878816573972,0.0346910959872172
0.055,0.0505513061903331,0.0505552052634348,0.0481827692495102,0.0516986341163041,0.0525661889833735
0.031,0.0192469226353021,0.0192522026023362,0.015941049956322,0.021190335249372,0.0205367949603858
0.009,0.0244305698751249,0.0244335548866864,0.0161509715730016,0.0253995542139198,0.0188899763788549
0.014,0.0135013892085133,0.0134958375401111,0.0141061169472077,0.0143129955062859,0.012931718693269
0.0105,0.0147594440020056,0.0147644887813766,0.0160002105997075,0.0140577456824665,0.0127665012634904
0.015,0.0187934186945425,0.0187942140967699,0.0135345693183491,0.0161059867662134,0.0189446774585853
0.051,0.0547359595708899,0.0547362072315487,0.0496860200081983,0.0562203567985386,0.0544328092693321
0.003,-0.0030178099416007,-0.0030169303352557,0.0015341743884745,-0.0042057224044568,0.0072018918240626
0.02,0.029394418556606,0.0293862071551972,0.0253477289118379,0.0304078047697993,0.0206862294433034
0.0263,0.0129440630442129,0.0129352278516509,0.0188199282242177,0.0096260279198674,0.0224431797562463
0.0396,0.0378369109149795,0.0378448511175625,0.0260273048100824,0.0367000007986008,0.0382047358735212
0.01,0.0181553330353169,0.0181548746058861,0.0174228668616617,0.0171085112946104,0.0127396787400275
0.02,0.0205442028822735,0.0205463516379494,0.0133235920035933,0.0195239190664894,0.013809877754606
0.002,-0.016523474469141,-0.0165225069622898,-0.0063201478597726,-0.018564111960992,0.0046802324098342
0.014,-0.0058552316701067,-0.0058453488164842,0.0126873537888918,-0.0076939220987283,0.0142028510477997
0.049,0.0477454577982046,0.0477463413181023,0.045153350997923,0.0502358199324078,0.0472566625387619
0.025,0.0179149543346756,0.0179287356157619,0.0381908267394519,0.0184588812255281,0.0325869704238384
0.0059,0.0076524624794751,0.0076541445606937,0.0122811227693214,0.0083640579952464,0.0132277782016745
0.04,0.0257445394500079,0.025745917335538,0.0273443432795791,0.0265767879150436,0.0228179239911554
0.014,0.0028860700467101,0.002893879189291,0.0141591157183945,0.0034179487632219,0.0111108163923769
0.025,0.0480208509630179,0.0480115683995411,0.0537171807887185,0.0466463639255186,0.0413109780094372
0.035,0.0248980578220384,0.0248966438747465,0.0277852954401636,0.0245482367772,0.0325298804741769
0.012,0.0183201900345001,0.0183264054552839,0.0215261563591632,0.0199235857982232,0.0234149781345316
0.029,0.0394849319934849,0.0394761960155211,0.0378165521262759,0.0413119249004067,0.0448017115559345
0.026,0.0165062809716431,0.0164962761447689,0.0214695067080729,0.0160607179476597,0.0298820554144318
0.024,0.0257842578267193,0.0257809125323448,0.0160313317155154,0.0236694333305135,0.0154923298855402
0.0612,0.0334119903812152,0.0334193201214523,0.036547281250394,0.0331936677886698,0.0330785910400779
0.01,0.0047907526861846,0.004792418149644,0.0029726169187608,0.0065772655698764,0.0066823232459376
0.019,0.021196996323908,0.0211980586474292,0.0176599678233257,0.0213209537773802,0.0209285154994377
0.037,0.0330104526855088,0.0330118020016098,0.0350902653025368,0.0339369398299756,0.0318295921981977
0.007,0.0101989351100186,0.0101968006413819,0.0142664687919598,0.0092340064403197,0.0128948629759248
0.0347,0.0132241738690671,0.0132192934275805,0.015084484488218,0.0125462488056558,0.0238465182790903
0.0621,0.0500359697951488,0.0500380402613193,0.0563360847656835,0.0494756309545895,0.0632684578437019
0.086,0.0631817256936757,0.0631828879416246,0.0750312099933626,0.063549236960036,0.0803660835414371
0.031,0.0476936343209372,0.0476913624334366,0.0308049103565948,0.0497804017662042,0.0344626266794706
0.016,-0.0038264432206583,-0.0038330422853337,0.0018405698575852,-0.0059460200091907,0.007676673449302
0.007,0.0207804103845737,0.0207825587694115,0.0145999313775175,0.020750746155111,0.0141439860315262
0.015,0.0444787622654297,0.0444696148631755,0.046030360207159,0.0422366221195185,0.0334188783345514
0.005,0.0115524679363246,0.0115494595325957,0.0131896055391148,0.0116015882148882,0.0110605460080408
0.087,0.0800406870084966,0.0800185393804581,0.0736659744119793,0.0784535332482609,0.0835369137359149
0.007,0.0131041786117486,0.0130983441193577,0.0177349189157459,0.0103011515526882,0.0145948151117777
0.035,0.0341578465990967,0.0341656290978225,0.0198042968565925,0.0347142961818093,0.0265883962084951
0.037,0.032602709236071,0.0326035182952508,0.0334686375839423,0.0320302106701268,0.0231172403276569
0.024,0.0254617243751516,0.0254603156646693,0.0211162852479613,0.0275454556563377,0.0123655054970512
0.039,0.044786475202386,0.0447834204680524,0.0423807723034576,0.0459480177206421,0.0468070588979133
0.032,0.0346925584346665,0.0346880428831508,0.0279343800124126,0.0344138354475738,0.0232099754997982
0.009,0.0193588776014747,0.0193585263275276,0.0119081791341975,0.0197426847059188,0.0099581912930121
0.052,0.0462719372358855,0.0462666981753873,0.0533783444802696,0.0482130260267945,0.0570994812776806
0.007,0.0217311998615271,0.0217321942593004,0.0219294558047418,0.0218428189557805,0.016415942612167
0.018,0.0185619082924745,0.0185602840173596,0.0129560138127874,0.0178014471977288,0.0179978961534486
0.02,0.0267455566872499,0.0267387574352328,0.0331199708827955,0.0276451985919989,0.0334475745426238
0.032,0.0114273391018264,0.0114436680866063,0.0194616369537132,0.0122521102622312,0.0216289408200421
0.013,0.0323938047771164,0.032395397414349,0.0276290579034116,0.0325305098374241,0.0241351154198025
0.0243,0.0123311964187197,0.0123299524627166,0.0162135390984451,0.0139209351004337,0.0139210122033129
0.0611,0.0463163873660753,0.0463139320803803,0.0432761405757471,0.0449778491205023,0.044396024013078
0.0102,0.0196773277269837,0.0196697036490916,0.0304687467323279,0.0206142822015427,0.0298747995223809
0.034,0.0264269282705291,0.0264177218561695,0.034767230567154,0.0246592610908637,0.0347073720280309
0.009,0.0317300941170243,0.0317284254417485,0.0268560236094126,0.0326837379164039,0.0260820459380345
0.033,0.0394282506114487,0.0394299048010055,0.0380110308040058,0.0393151373142359,0.0417575234825605
0.023,0.0307201147461621,0.0307447535776104,0.0523129052225058,0.0330491611270595,0.0361624205734951
0.0349,0.0264248364352762,0.0264220157511249,0.0145705946564809,0.0274821314813573,0.0172126467614424
0.077,0.0412002088782051,0.0412013462097831,0.0385824511933893,0.0423475165940663,0.0447975263885686
0.033,0.0258700824906944,0.0258723951978056,0.0290131850111411,0.0242439559991877,0.0248315344346916
0.0152,0.0146727375662505,0.0146653456379621,0.0129372721156644,0.0102038325860441,0.0112695549046889
0.037,0.0409094214730805,0.0408998919696158,0.0310816729621707,0.0421016914548391,0.0321286076377718
0.014,0.029516818653088,0.029511191963939,0.0240382890994239,0.0305147012333463,0.0213095695566638
0.023,0.0436077629045542,0.0436134925810298,0.0438010582451612,0.0459697287154737,0.0403270111914307
0.052,0.0397343817535738,0.0397367107557975,0.0395230990956273,0.0419043234397318,0.0382737082641549
0.017,0.0137777545078672,0.0137790006526748,0.0140815359354223,0.0132177716790269,0.0121330423243707
0.011,-0.0059456168218465,-0.0059433805925976,-0.0001690900007939,-0.0071758281445363,0.0054211943518837
0.021,0.0249541488566118,0.024954374711221,0.0233147642528998,0.0241564106934023,0.0153199333358903
0.058,0.0522294316965317,0.0522307576375958,0.0667878046836688,0.0518217677101134,0.0649180743637969
0.046,0.0489340152921485,0.0489314895787532,0.0575743237380379,0.0490831579630222,0.0523612994518957
0.02,0.0215921926424002,0.0216018152168122,0.0412742967632981,0.0208900876842447,0.0289699928033878
0.0027,0.013102954076322,0.0131040107030407,0.0129057523335518,0.0121207076793663,0.014439139912111
0.0205,0.0262350657112023,0.0262447175628591,0.0201680507585688,0.0262132012258789,0.0233559124200227
0.035,0.0467893870185972,0.0467920855443862,0.0547916998238261,0.0481980729836049,0.0557358736503232
0.051,0.0555738825430249,0.0555667735002415,0.0493165953889819,0.0542172961148525,0.0650722911169917
0.025,0.0178686974168029,0.0178673493777234,0.0163820148438137,0.0178289463556152,0.0217134491086624
0.004,-0.003700292567548,-0.0037020681555923,0.0092824592996213,-0.0026309044659301,0.006210126822037
0.032,0.0257571742359279,0.0257514927518211,0.0301974775203702,0.0267973633795215,0.0414523462635897
0.009,0.0227121085896137,0.0227106815286408,0.0237273454620303,0.0217396420976657,0.0295299532881678
0.0633,0.0548978648850294,0.0548955264579589,0.055331170265623,0.05335720770169,0.0491781044519737
0.028,0.0220803224893201,0.0220812724886567,0.0218496796841618,0.0224200403299934,0.0220720219275153
0.0393,0.0435386342009798,0.0435469905256249,0.0527178279261919,0.0446495267355594,0.0637957549322993
0.009,0.0313087824823185,0.0313110665742886,0.0248141940477542,0.0312258246523745,0.016187801509884
0.004,0.0077388710133643,0.0077352753368616,-0.0009409788645616,0.0069569289733341,0.0047756280459653
0.014,0.0195277120262529,0.0195424478267066,0.0152076020385508,0.0233838773171713,0.0142417594814062
0.072,0.0766781602192901,0.0766615541444849,0.0781409935931212,0.074825602757337,0.0768027111136365
0.083,0.0521397417238934,0.0521358692543271,0.06394207567678,0.0524502373492169,0.0691374692998667
0.042,0.0428613563721624,0.0428623759500213,0.0433342729243957,0.0434785789020421,0.053078888922396
0.005,0.0177559677021408,0.0177601828166792,0.0142001658803119,0.0168424584582325,0.0104638906569225
0.099,0.0695856013114286,0.0695846282440906,0.0801349481673844,0.0718577757285273,0.0794496571943401
0.016,0.0384938674760756,0.0385004550309194,0.0347883295231723,0.0391650300960652,0.0246582595668101
0.014,0.0268358508159542,0.0268388825170137,0.0220323611117402,0.0277599476238806,0.026604448131008
0.014,0.019094238013799,0.0191139124593301,0.018777862427927,0.0224455393665189,0.0178739888760688
0.029,0.0266207826657267,0.0266238229058796,0.0202945941536328,0.0269646023748337,0.0233648343897452
0.016,0.0236063451262939,0.0236055727479025,0.0200304454484631,0.021939099143365,0.0216729662244893
0.034,0.0225695103967883,0.0225791225211709,0.0203693184760589,0.0222721840631804,0.023209770215731
0.014,0.0138011813409228,0.0138022516435076,0.0119586414610458,0.0110455334338679,0.0115540670926373
0.061,0.071990199100647,0.0719884097644542,0.0746582290137775,0.0736871849154752,0.0786777653044894
0.071,0.0386731988750877,0.0386732379313741,0.0450046465843205,0.0377174136087979,0.0486690602524096
0.055,0.0482233698898387,0.04822238819313,0.0490128606492221,0.0483407512059443,0.0518926035424439
0.03,0.0383739960757237,0.0383803507725048,0.0470427002395341,0.0385552822068905,0.0438450721449088
0.007,0.0061189320920143,0.0061165023931547,0.011826628476698,0.0059427616834754,0.010732195803564
0.0579,0.049171599944497,0.0491709238954281,0.0607976112599026,0.0487635898948041,0.0597342192080548
